iso3,p3_2024,p3_2025,p3_change,majority_alignment_rate_2024,majority_alignment_rate_2025,majority_alignment_change,participated_resolutions_2024,participated_resolutions_2025,with_majority_count_2024,with_majority_count_2025,yes_pct_proxy_2024,yes_pct_proxy_2025,no_pct_proxy_2024,no_pct_proxy_2025,abstain_pct_proxy_2024,abstain_pct_proxy_2025,world_yes_pct_2024,world_yes_pct_2025,world_no_pct_2024,world_no_pct_2025,world_abstain_pct_2024,world_abstain_pct_2025,vote_mix_distance_l1_2024,vote_mix_distance_l1_2025,vote_mix_distance_change,region,broad_region
USA,16.19,0.0,-16.19,35.11,5.21,-29.9,94,192,33,10,34.0,5.2,54.3,90.6,11.7,4.2,78.9,88.0,8.6,5.0,12.5,7.0,91.28,171.33,80.05,Northern America,Northern America
ARG,39.99,32.79,-7.21,45.26,27.1,-18.17,95,155,43,42,44.2,27.1,40.0,54.2,15.8,18.7,78.9,88.0,8.6,5.0,12.5,7.0,69.37,121.87,52.5,South America,Latin America & Caribbean
MDG,90.67,83.12,-7.54,87.65,72.73,-14.93,81,11,71,8,87.7,72.7,0.0,0.0,12.3,27.3,78.9,88.0,8.6,5.0,12.5,7.0,17.52,40.53,23.02,Eastern Africa,Sub-Saharan Africa
ISR,0.0,12.87,12.87,26.88,13.79,-13.09,93,145,25,20,25.8,13.8,58.1,67.6,16.1,18.6,78.9,88.0,8.6,5.0,12.5,7.0,106.18,148.48,42.3,Western Asia,Western Asia
STP,95.8,90.67,-5.13,94.29,83.33,-10.95,35,12,33,10,94.3,83.3,2.9,0.0,2.9,16.7,78.9,88.0,8.6,5.0,12.5,7.0,30.78,19.32,-11.46,Middle Africa,Sub-Saharan Africa
WSM,96.67,92.58,-4.08,95.38,86.43,-8.96,65,140,62,121,95.4,86.4,0.0,0.0,4.6,13.6,78.9,88.0,8.6,5.0,12.5,7.0,32.98,13.13,-19.85,Polynesia,Oceania
PRY,72.01,74.2,2.19,67.02,59.16,-7.86,94,191,63,113,66.0,59.2,8.5,15.2,25.5,25.7,78.9,88.0,8.6,5.0,12.5,7.0,26.09,57.74,31.65,South America,Latin America & Caribbean
DMA,97.28,95.61,-1.68,96.43,91.67,-4.76,28,48,27,44,96.4,91.7,3.6,0.0,0.0,8.3,78.9,88.0,8.6,5.0,12.5,7.0,35.07,9.92,-25.14,Caribbean,Latin America & Caribbean
CAF,92.36,93.31,0.95,89.86,87.34,-2.51,69,158,62,138,91.3,87.3,0.0,3.8,8.7,8.9,78.9,88.0,8.6,5.0,12.5,7.0,24.82,3.71,-21.11,Middle Africa,Sub-Saharan Africa
GMB,98.3,97.61,-0.68,97.62,95.38,-2.24,84,173,82,165,97.6,95.4,0.0,0.0,2.4,4.6,78.9,88.0,8.6,5.0,12.5,7.0,37.45,14.69,-22.76,Western Africa,Sub-Saharan Africa
SLV,96.2,96.84,0.64,94.62,93.92,-0.7,93,181,88,170,93.5,93.9,0.0,0.0,6.5,6.1,78.9,88.0,8.6,5.0,12.5,7.0,29.31,11.78,-17.53,Central America,Latin America & Caribbean
NAM,93.56,95.21,1.65,91.21,90.96,-0.25,91,177,83,161,90.1,91.0,0.0,0.0,9.9,9.0,78.9,88.0,8.6,5.0,12.5,7.0,22.43,9.92,-12.51,Southern Africa,Sub-Saharan Africa
SOM,98.91,99.26,0.35,98.55,98.54,-0.01,69,137,68,135,98.6,98.5,1.4,0.0,0.0,1.5,78.9,88.0,8.6,5.0,12.5,7.0,39.31,21.02,-18.3,Eastern Africa,Sub-Saharan Africa
CPV,100.0,100.0,0.0,100.0,100.0,0.0,80,184,80,184,100.0,100.0,0.0,0.0,0.0,0.0,78.9,88.0,8.6,5.0,12.5,7.0,42.21,23.94,-18.27,Western Africa,Sub-Saharan Africa
TKM,98.76,99.19,0.43,98.36,98.43,0.06,61,127,60,125,98.4,98.4,1.6,0.8,0.0,0.8,78.9,88.0,8.6,5.0,12.5,7.0,38.93,20.79,-18.14,Central Asia,Central Asia
ZMB,98.88,99.37,0.49,98.51,98.75,0.24,67,160,66,158,98.5,98.8,1.5,0.0,0.0,1.2,78.9,88.0,8.6,5.0,12.5,7.0,39.22,21.44,-17.79,Eastern Africa,Sub-Saharan Africa
COD,95.01,96.62,1.62,93.15,93.53,0.37,73,139,68,130,93.2,93.5,1.4,0.0,5.5,6.5,78.9,88.0,8.6,5.0,12.5,7.0,28.51,10.99,-17.52,Middle Africa,Sub-Saharan Africa
PER,96.85,98.11,1.26,95.79,96.32,0.53,95,190,91,183,96.8,96.3,0.0,0.0,3.2,3.7,78.9,88.0,8.6,5.0,12.5,7.0,35.89,16.57,-19.33,South America,Latin America & Caribbean
MMR,98.59,99.19,0.6,97.85,98.4,0.55,93,188,91,185,96.8,98.4,0.0,0.0,3.2,1.6,78.9,88.0,8.6,5.0,12.5,7.0,35.76,20.74,-15.01,South-eastern Asia,South-eastern Asia
SUR,99.23,99.74,0.51,98.91,99.48,0.56,92,191,91,190,98.9,99.5,0.0,0.0,1.1,0.5,78.9,88.0,8.6,5.0,12.5,7.0,40.04,22.89,-17.15,South America,Latin America & Caribbean
ATG,98.32,99.13,0.81,97.7,98.29,0.58,87,175,85,172,97.7,98.3,1.1,0.0,1.1,1.7,78.9,88.0,8.6,5.0,12.5,7.0,37.61,20.51,-17.1,Caribbean,Latin America & Caribbean
CRI,95.3,97.3,1.99,93.68,94.76,1.08,95,191,89,181,94.7,94.8,0.0,0.5,5.3,4.7,78.9,88.0,8.6,5.0,12.5,7.0,31.68,13.46,-18.22,Central America,Latin America & Caribbean
COL,97.07,98.4,1.33,95.79,96.88,1.09,95,192,91,186,94.7,96.9,0.0,0.0,5.3,3.1,78.9,88.0,8.6,5.0,12.5,7.0,31.68,17.69,-14.0,South America,Latin America & Caribbean
SLE,97.58,98.85,1.27,96.63,97.74,1.11,89,177,86,173,96.6,97.7,0.0,0.0,3.4,2.3,78.9,88.0,8.6,5.0,12.5,7.0,35.47,19.42,-16.05,Western Africa,Sub-Saharan Africa
SSD,64.48,76.23,11.75,63.16,64.29,1.13,19,56,12,36,63.2,64.3,0.0,1.8,36.8,33.9,78.9,88.0,8.6,5.0,12.5,7.0,48.71,53.85,5.14,Eastern Africa,Sub-Saharan Africa
TCD,97.45,98.9,1.45,96.63,97.85,1.22,89,186,86,182,97.8,97.8,0.0,0.0,2.2,2.2,78.9,88.0,8.6,5.0,12.5,7.0,37.72,19.63,-18.08,Middle Africa,Sub-Saharan Africa
VCT,94.52,96.75,2.23,92.5,93.75,1.25,80,16,74,15,92.5,93.8,1.2,0.0,6.2,6.2,78.9,88.0,8.6,5.0,12.5,7.0,27.21,11.44,-15.77,Caribbean,Latin America & Caribbean
GRD,96.93,98.48,1.55,95.77,97.03,1.26,71,101,68,98,95.8,97.0,1.4,0.0,2.8,3.0,78.9,88.0,8.6,5.0,12.5,7.0,33.76,17.99,-15.76,Caribbean,Latin America & Caribbean
GHA,95.97,97.89,1.93,94.44,95.91,1.46,90,171,85,164,94.4,95.9,0.0,0.0,5.6,4.1,78.9,88.0,8.6,5.0,12.5,7.0,31.1,15.75,-15.35,Western Africa,Sub-Saharan Africa
HND,97.82,99.12,1.3,96.81,98.27,1.46,94,173,91,170,95.7,98.3,0.0,0.0,4.3,1.7,78.9,88.0,8.6,5.0,12.5,7.0,33.7,20.47,-13.23,Central America,Latin America & Caribbean
MUS,96.83,98.62,1.79,95.6,97.3,1.69,91,185,87,180,95.6,97.3,0.0,0.0,4.4,2.7,78.9,88.0,8.6,5.0,12.5,7.0,33.42,18.53,-14.89,Eastern Africa,Sub-Saharan Africa
DJI,96.78,98.6,1.82,95.56,97.25,1.7,90,182,86,177,95.6,97.3,1.1,0.0,3.3,2.7,78.9,88.0,8.6,5.0,12.5,7.0,33.32,18.44,-14.88,Eastern Africa,Sub-Saharan Africa
SLB,94.92,97.34,2.42,93.06,94.86,1.8,72,175,67,166,93.1,94.9,0.0,0.0,6.9,5.1,78.9,88.0,8.6,5.0,12.5,7.0,28.32,13.65,-14.67,Melanesia,Oceania
SYC,98.3,99.7,1.41,97.62,99.42,1.8,84,171,82,170,97.6,99.4,0.0,0.0,2.4,0.6,78.9,88.0,8.6,5.0,12.5,7.0,37.45,22.77,-14.68,Eastern Africa,Sub-Saharan Africa
TZA,94.77,97.28,2.5,92.86,94.74,1.88,84,171,78,162,92.9,94.7,0.0,0.0,7.1,5.3,78.9,88.0,8.6,5.0,12.5,7.0,27.92,13.41,-14.51,Eastern Africa,Sub-Saharan Africa
BFA,95.18,97.85,2.66,93.83,95.88,2.06,81,170,76,163,95.1,95.9,4.9,3.5,0.0,0.6,78.9,88.0,8.6,5.0,12.5,7.0,32.33,15.7,-16.63,Western Africa,Sub-Saharan Africa
AZE,98.01,99.68,1.67,97.22,99.37,2.14,72,158,70,157,97.2,99.4,0.0,0.0,2.8,0.6,78.9,88.0,8.6,5.0,12.5,7.0,36.65,22.67,-13.98,Western Asia,Western Asia
BWA,95.33,97.86,2.52,93.59,95.83,2.24,78,144,73,138,93.6,95.8,1.3,0.0,5.1,4.2,78.9,88.0,8.6,5.0,12.5,7.0,29.39,15.6,-13.79,Southern Africa,Sub-Saharan Africa
SGP,95.5,98.13,2.63,93.68,96.35,2.67,95,192,89,185,92.6,96.4,1.1,0.0,6.3,3.6,78.9,88.0,8.6,5.0,12.5,7.0,27.47,16.64,-10.83,South-eastern Asia,South-eastern Asia
BHS,96.97,99.18,2.21,95.65,98.38,2.73,92,185,88,182,94.6,98.4,0.0,0.0,5.4,1.6,78.9,88.0,8.6,5.0,12.5,7.0,31.34,20.69,-10.65,Caribbean,Latin America & Caribbean
MNG,93.78,97.01,3.23,91.49,94.24,2.75,94,191,86,180,90.4,94.2,0.0,0.0,9.6,5.8,78.9,88.0,8.6,5.0,12.5,7.0,23.06,12.42,-10.64,Eastern Asia,Eastern Asia
JAM,97.58,99.73,2.15,96.67,99.47,2.8,90,188,87,187,96.7,99.5,1.1,0.0,2.2,0.5,78.9,88.0,8.6,5.0,12.5,7.0,35.54,22.87,-12.67,Caribbean,Latin America & Caribbean
GUY,96.28,98.94,2.66,94.74,97.92,3.18,95,192,90,188,93.7,97.9,0.0,0.0,6.3,2.1,78.9,88.0,8.6,5.0,12.5,7.0,29.58,19.77,-9.81,South America,Latin America & Caribbean
MDV,95.45,98.4,2.95,93.62,96.88,3.26,94,192,88,186,92.6,96.9,2.1,0.5,5.3,2.6,78.9,88.0,8.6,5.0,12.5,7.0,27.32,17.69,-9.63,Southern Asia,Southern Asia
BRB,97.61,100.0,2.39,96.7,100.0,3.3,91,145,88,145,96.7,100.0,1.1,0.0,2.2,0.0,78.9,88.0,8.6,5.0,12.5,7.0,35.62,23.94,-11.68,Caribbean,Latin America & Caribbean
BLZ,96.7,99.43,2.73,95.45,98.88,3.42,88,178,84,176,95.5,98.9,1.1,0.0,3.4,1.1,78.9,88.0,8.6,5.0,12.5,7.0,33.12,21.69,-11.43,Central America,Latin America & Caribbean
GNQ,93.67,97.44,3.77,91.55,95.03,3.48,71,161,65,153,93.0,95.0,0.0,1.9,7.0,3.1,78.9,88.0,8.6,5.0,12.5,7.0,28.12,14.0,-14.13,Middle Africa,Sub-Saharan Africa
GAB,96.56,99.42,2.86,95.24,98.85,3.61,84,174,80,172,95.2,98.9,0.0,0.0,4.8,1.1,78.9,88.0,8.6,5.0,12.5,7.0,32.69,21.64,-11.05,Middle Africa,Sub-Saharan Africa
MHL,83.12,90.12,7.0,78.16,81.77,3.61,87,181,68,148,78.2,81.8,11.5,5.5,10.3,12.7,78.9,88.0,8.6,5.0,12.5,7.0,5.75,12.53,6.77,Micronesia,Oceania
JOR,93.67,97.57,3.91,91.49,95.29,3.8,94,191,86,182,92.6,95.3,1.1,0.5,6.4,4.2,78.9,88.0,8.6,5.0,12.5,7.0,27.32,14.51,-12.8,Western Asia,Western Asia
AGO,92.67,96.98,4.31,90.22,94.18,3.96,92,189,83,178,91.3,94.2,0.0,0.0,8.7,5.8,78.9,88.0,8.6,5.0,12.5,7.0,24.82,12.3,-12.52,Middle Africa,Sub-Saharan Africa
KHM,93.5,97.55,4.05,91.3,95.26,3.96,92,190,84,181,92.4,95.3,0.0,0.0,7.6,4.7,78.9,88.0,8.6,5.0,12.5,7.0,26.99,14.46,-12.53,South-eastern Asia,South-eastern Asia
VUT,95.77,99.16,3.4,94.32,98.35,4.03,88,182,83,179,95.5,98.4,0.0,0.0,4.5,1.6,78.9,88.0,8.6,5.0,12.5,7.0,33.12,20.64,-12.48,Melanesia,Oceania
NRU,64.84,78.76,13.92,62.0,66.07,4.07,50,56,31,37,62.0,66.1,30.0,26.8,8.0,7.1,78.9,88.0,8.6,5.0,12.5,7.0,42.77,43.92,1.16,Micronesia,Oceania
MRT,93.39,97.52,4.13,91.01,95.19,4.18,89,187,81,178,91.0,95.2,1.1,0.5,7.9,4.3,78.9,88.0,8.6,5.0,12.5,7.0,24.23,14.31,-9.92,Western Africa,Sub-Saharan Africa
TTO,95.5,98.93,3.43,93.68,97.89,4.21,95,190,89,186,92.6,97.9,1.1,0.0,6.3,2.1,78.9,88.0,8.6,5.0,12.5,7.0,27.47,19.72,-7.75,Caribbean,Latin America & Caribbean
THA,94.52,98.4,3.89,92.63,96.88,4.24,95,192,88,186,93.7,96.9,0.0,0.0,6.3,3.1,78.9,88.0,8.6,5.0,12.5,7.0,29.58,17.69,-11.89,South-eastern Asia,South-eastern Asia
UGA,92.32,96.89,4.57,89.66,94.02,4.37,87,184,78,173,88.5,94.0,0.0,0.0,11.5,6.0,78.9,88.0,8.6,5.0,12.5,7.0,19.22,11.98,-7.24,Eastern Africa,Sub-Saharan Africa
HTI,93.62,97.9,4.28,91.36,95.91,4.55,81,171,74,164,91.4,95.9,0.0,0.6,8.6,3.5,78.9,88.0,8.6,5.0,12.5,7.0,24.93,15.75,-9.18,Caribbean,Latin America & Caribbean
KEN,92.94,97.4,4.46,90.43,94.97,4.55,94,179,85,170,89.4,95.0,0.0,0.0,10.6,5.0,78.9,88.0,8.6,5.0,12.5,7.0,20.93,13.88,-7.05,Eastern Africa,Sub-Saharan Africa
COG,93.85,98.12,4.27,91.76,96.34,4.58,85,164,78,158,92.9,96.3,0.0,0.0,7.1,3.7,78.9,88.0,8.6,5.0,12.5,7.0,28.09,16.62,-11.47,Middle Africa,Sub-Saharan Africa
BDI,90.75,96.01,5.26,87.64,92.35,4.71,89,170,78,157,87.6,92.4,6.7,4.7,5.6,2.9,78.9,88.0,8.6,5.0,12.5,7.0,17.49,8.64,-8.85,Eastern Africa,Sub-Saharan Africa
YEM,91.34,96.48,5.13,88.42,93.23,4.81,95,192,84,179,89.5,93.2,2.1,0.5,8.4,6.2,78.9,88.0,8.6,5.0,12.5,7.0,21.16,10.39,-10.76,Western Asia,Western Asia
BTN,94.49,98.61,4.12,92.39,97.28,4.89,92,184,85,179,91.3,97.3,0.0,0.0,8.7,2.7,78.9,88.0,8.6,5.0,12.5,7.0,24.82,18.5,-6.32,Southern Asia,Southern Asia
LSO,93.41,97.96,4.55,91.01,96.02,5.01,89,176,81,169,89.9,96.0,0.0,0.0,10.1,4.0,78.9,88.0,8.6,5.0,12.5,7.0,21.98,15.98,-6.0,Southern Africa,Sub-Saharan Africa
MAR,94.15,98.6,4.45,92.13,97.25,5.12,89,182,82,177,93.3,97.3,1.1,0.5,5.6,2.2,78.9,88.0,8.6,5.0,12.5,7.0,28.73,18.44,-10.29,Northern Africa,Africa
NGA,91.47,96.77,5.3,88.64,93.79,5.15,88,161,78,151,88.6,93.8,0.0,0.0,11.4,6.2,78.9,88.0,8.6,5.0,12.5,7.0,19.48,11.51,-7.97,Western Africa,Sub-Saharan Africa
BEN,95.29,99.36,4.06,93.55,98.73,5.19,62,79,58,78,93.5,98.7,0.0,0.0,6.5,1.3,78.9,88.0,8.6,5.0,12.5,7.0,29.31,21.4,-7.9,Western Africa,Sub-Saharan Africa
COM,94.94,99.07,4.13,92.96,98.18,5.22,71,165,66,162,91.5,98.2,4.2,0.6,4.2,1.2,78.9,88.0,8.6,5.0,12.5,7.0,25.31,20.3,-5.01,Eastern Africa,Sub-Saharan Africa
DOM,94.52,98.92,4.41,92.63,97.88,5.25,95,189,88,185,93.7,97.9,0.0,0.0,6.3,2.1,78.9,88.0,8.6,5.0,12.5,7.0,29.58,19.7,-9.88,Caribbean,Latin America & Caribbean
CHL,95.3,99.47,4.17,93.68,98.96,5.27,95,192,89,190,94.7,99.0,0.0,0.0,5.3,1.0,78.9,88.0,8.6,5.0,12.5,7.0,31.68,21.85,-9.83,South America,Latin America & Caribbean
QAT,92.15,97.3,5.15,89.47,94.79,5.32,95,192,85,182,90.5,94.8,2.1,0.0,7.4,5.2,78.9,88.0,8.6,5.0,12.5,7.0,23.26,13.52,-9.74,Western Asia,Western Asia
ZAF,92.13,97.31,5.18,89.47,94.79,5.32,95,192,85,182,90.5,94.8,1.1,0.5,8.4,4.7,78.9,88.0,8.6,5.0,12.5,7.0,23.26,13.52,-9.74,Southern Africa,Sub-Saharan Africa
BGD,93.0,97.85,4.85,90.43,95.81,5.39,94,191,85,183,89.4,95.8,1.1,0.5,9.6,3.7,78.9,88.0,8.6,5.0,12.5,7.0,20.93,15.56,-5.37,Southern Asia,Southern Asia
UZB,92.16,97.27,5.11,89.29,94.71,5.42,84,170,75,161,88.1,94.7,2.4,0.6,9.5,4.7,78.9,88.0,8.6,5.0,12.5,7.0,18.4,13.35,-5.05,Central Asia,Central Asia
KWT,91.25,96.76,5.51,88.3,93.75,5.45,94,192,83,180,89.4,93.8,2.1,0.5,8.5,5.7,78.9,88.0,8.6,5.0,12.5,7.0,20.93,11.44,-9.5,Western Asia,Western Asia
NER,91.43,96.91,5.48,88.64,94.15,5.52,88,171,78,161,89.8,94.2,5.7,5.3,4.5,0.6,78.9,88.0,8.6,5.0,12.5,7.0,21.75,12.84,-8.91,Western Africa,Sub-Saharan Africa
FJI,79.19,88.99,9.8,74.39,80.0,5.61,82,185,61,148,74.4,80.0,3.7,4.9,22.0,15.1,78.9,88.0,8.6,5.0,12.5,7.0,18.93,16.26,-2.67,Melanesia,Oceania
TLS,95.04,99.46,4.43,93.33,98.94,5.61,90,189,84,187,94.4,98.9,0.0,0.0,5.6,1.1,78.9,88.0,8.6,5.0,12.5,7.0,31.1,21.82,-9.28,South-eastern Asia,South-eastern Asia
MOZ,91.21,96.93,5.72,88.37,94.09,5.71,86,186,76,175,89.5,94.1,0.0,0.0,10.5,5.9,78.9,88.0,8.6,5.0,12.5,7.0,21.28,12.11,-9.17,Eastern Africa,Sub-Saharan Africa
ECU,89.96,96.1,6.14,86.81,92.55,5.74,91,188,79,174,87.9,92.6,0.0,0.0,12.1,7.4,78.9,88.0,8.6,5.0,12.5,7.0,18.03,9.92,-8.11,South America,Latin America & Caribbean
LCA,94.5,99.09,4.59,92.47,98.21,5.74,93,168,86,165,92.5,98.2,1.1,0.0,6.5,1.8,78.9,88.0,8.6,5.0,12.5,7.0,27.16,20.36,-6.79,Caribbean,Latin America & Caribbean
KAZ,91.62,97.23,5.61,88.89,94.65,5.76,90,187,80,177,90.0,94.7,0.0,0.0,10.0,5.3,78.9,88.0,8.6,5.0,12.5,7.0,22.21,13.24,-8.97,Central Asia,Central Asia
SWZ,93.79,98.79,5.0,91.53,97.62,6.09,59,84,54,82,91.5,97.6,1.7,0.0,6.8,2.4,78.9,88.0,8.6,5.0,12.5,7.0,25.26,19.17,-6.09,Southern Africa,Sub-Saharan Africa
KNA,94.3,99.16,4.86,92.21,98.34,6.13,77,181,71,178,92.2,98.3,1.3,0.0,6.5,1.7,78.9,88.0,8.6,5.0,12.5,7.0,26.63,20.62,-6.0,Caribbean,Latin America & Caribbean
GNB,93.27,98.69,5.42,90.91,97.44,6.53,77,156,70,152,90.9,97.4,0.0,0.0,9.1,2.6,78.9,88.0,8.6,5.0,12.5,7.0,24.03,18.81,-5.22,Western Africa,Sub-Saharan Africa
TUN,91.95,97.84,5.88,89.25,95.79,6.54,93,190,83,182,90.3,95.8,1.1,0.5,8.6,3.7,78.9,88.0,8.6,5.0,12.5,7.0,22.85,15.51,-7.34,Northern Africa,Africa
ETH,86.54,94.31,7.77,82.61,89.36,6.75,92,188,76,168,83.7,89.4,1.1,0.0,15.2,10.6,78.9,88.0,8.6,5.0,12.5,7.0,15.06,9.92,-5.14,Eastern Africa,Sub-Saharan Africa
MYS,92.13,98.13,6.0,89.47,96.35,6.88,95,192,85,185,90.5,96.4,1.1,0.5,8.4,3.1,78.9,88.0,8.6,5.0,12.5,7.0,23.26,16.64,-6.62,South-eastern Asia,South-eastern Asia
BHR,90.48,97.03,6.55,87.37,94.27,6.9,95,192,83,181,88.4,94.3,1.1,0.0,10.5,5.7,78.9,88.0,8.6,5.0,12.5,7.0,19.05,12.48,-6.57,Western Asia,Western Asia
LKA,90.48,97.04,6.56,87.37,94.27,6.9,95,192,83,181,88.4,94.3,1.1,0.5,10.5,5.2,78.9,88.0,8.6,5.0,12.5,7.0,19.05,12.48,-6.57,Southern Asia,Southern Asia
SEN,92.32,98.34,6.02,89.77,96.76,6.98,88,185,79,179,90.9,96.8,0.0,0.0,9.1,3.2,78.9,88.0,8.6,5.0,12.5,7.0,24.03,17.45,-6.58,Western Africa,Sub-Saharan Africa
BRA,91.16,97.58,6.42,88.3,95.31,7.01,94,192,83,183,89.4,95.3,0.0,0.0,10.6,4.7,78.9,88.0,8.6,5.0,12.5,7.0,20.93,14.56,-6.37,South America,Latin America & Caribbean
ERI,91.16,97.71,6.55,88.42,95.58,7.16,95,181,84,173,89.5,95.6,7.4,2.8,3.2,1.7,78.9,88.0,8.6,5.0,12.5,7.0,21.16,15.1,-6.06,Eastern Africa,Sub-Saharan Africa
VNM,91.01,97.55,6.53,88.04,95.24,7.19,92,189,81,180,89.1,95.2,1.1,0.5,9.8,4.2,78.9,88.0,8.6,5.0,12.5,7.0,20.47,14.41,-6.06,South-eastern Asia,South-eastern Asia
NPL,90.89,97.55,6.66,87.91,95.26,7.35,91,190,80,181,86.8,95.3,0.0,0.0,13.2,4.7,78.9,88.0,8.6,5.0,12.5,7.0,17.23,14.46,-2.77,Southern Asia,Southern Asia
GTM,93.72,99.47,5.76,91.58,98.96,7.38,95,192,87,190,92.6,99.0,0.0,0.0,7.4,1.0,78.9,88.0,8.6,5.0,12.5,7.0,27.47,21.85,-5.62,Central America,Latin America & Caribbean
BRN,91.35,97.86,6.51,88.42,95.83,7.41,95,192,84,184,89.5,95.8,3.2,1.0,7.4,3.1,78.9,88.0,8.6,5.0,12.5,7.0,21.16,15.6,-5.55,South-eastern Asia,South-eastern Asia
TUV,89.56,96.71,7.16,86.15,93.66,7.51,65,142,56,133,86.2,93.7,1.5,0.7,12.3,5.6,78.9,88.0,8.6,5.0,12.5,7.0,14.52,11.26,-3.26,Polynesia,Oceania
LAO,90.26,97.23,6.97,87.1,94.65,7.56,93,187,81,177,88.2,94.7,1.1,0.0,10.8,5.3,78.9,88.0,8.6,5.0,12.5,7.0,18.55,13.24,-5.31,South-eastern Asia,South-eastern Asia
KGZ,90.4,97.47,7.08,87.36,95.11,7.75,87,184,76,175,88.5,95.1,0.0,0.0,11.5,4.9,78.9,88.0,8.6,5.0,12.5,7.0,19.22,14.15,-5.07,Central Asia,Central Asia
GIN,90.74,97.92,7.18,87.78,95.95,8.18,90,173,79,166,88.9,96.0,0.0,0.0,11.1,4.0,78.9,88.0,8.6,5.0,12.5,7.0,19.99,15.84,-4.14,Western Africa,Sub-Saharan Africa
IRQ,89.73,97.27,7.55,86.32,94.71,8.39,95,189,82,179,87.4,94.7,3.2,1.1,9.5,4.2,78.9,88.0,8.6,5.0,12.5,7.0,16.95,13.35,-3.59,Western Asia,Western Asia
PHL,92.17,98.94,6.77,89.47,97.92,8.44,95,192,85,188,88.4,97.9,0.0,0.0,11.6,2.1,78.9,88.0,8.6,5.0,12.5,7.0,19.05,19.77,0.72,South-eastern Asia,South-eastern Asia
SAU,85.13,94.4,9.27,80.85,89.47,8.62,94,190,76,170,81.9,89.5,2.1,0.5,16.0,10.0,78.9,88.0,8.6,5.0,12.5,7.0,12.98,8.87,-4.11,Western Asia,Western Asia
LBY,88.32,96.65,8.33,84.62,93.55,8.93,91,186,77,174,85.7,93.5,2.2,0.5,12.1,5.9,78.9,88.0,8.6,5.0,12.5,7.0,13.64,11.03,-2.61,Northern Africa,Africa
CIV,89.97,97.83,7.86,86.81,95.79,8.98,91,190,79,182,86.8,95.8,0.0,0.0,13.2,4.2,78.9,88.0,8.6,5.0,12.5,7.0,17.23,15.51,-1.72,Western Africa,Sub-Saharan Africa
ARE,87.76,96.44,8.69,84.04,93.19,9.15,94,191,79,178,85.1,93.2,1.1,0.0,13.8,6.8,78.9,88.0,8.6,5.0,12.5,7.0,15.11,10.32,-4.78,Western Asia,Western Asia
MLI,88.29,97.09,8.8,84.95,94.44,9.5,93,180,79,170,86.0,94.4,10.8,4.4,3.2,1.1,78.9,88.0,8.6,5.0,12.5,7.0,18.52,12.82,-5.7,Western Africa,Sub-Saharan Africa
DZA,87.11,96.21,9.1,83.16,92.71,9.55,95,192,79,178,84.2,92.7,2.1,1.0,13.7,6.2,78.9,88.0,8.6,5.0,12.5,7.0,13.02,9.35,-3.67,Northern Africa,Africa
MEX,91.16,98.94,7.78,88.3,97.92,9.62,94,192,83,188,89.4,97.9,0.0,0.0,10.6,2.1,78.9,88.0,8.6,5.0,12.5,7.0,20.93,19.77,-1.16,Central America,Latin America & Caribbean
LBN,88.64,97.31,8.67,85.11,94.79,9.69,94,192,80,182,86.2,94.8,1.1,0.5,12.8,4.7,78.9,88.0,8.6,5.0,12.5,7.0,15.11,13.52,-1.59,Western Asia,Western Asia
RWA,88.21,97.23,9.02,84.71,94.64,9.94,85,168,72,159,85.9,94.6,0.0,0.0,14.1,5.4,78.9,88.0,8.6,5.0,12.5,7.0,17.23,13.22,-4.01,Eastern Africa,Sub-Saharan Africa
EGY,85.3,95.29,9.98,81.05,91.05,10.0,95,190,77,173,82.1,91.1,2.1,0.5,15.8,8.4,78.9,88.0,8.6,5.0,12.5,7.0,13.02,8.87,-4.15,Northern Africa,Africa
IDN,88.85,97.59,8.74,85.26,95.31,10.05,95,192,81,183,86.3,95.3,2.1,1.0,11.6,3.6,78.9,88.0,8.6,5.0,12.5,7.0,14.84,14.56,-0.28,South-eastern Asia,South-eastern Asia
ZWE,85.8,95.7,9.91,81.32,91.76,10.44,91,182,74,167,82.4,91.8,6.6,1.6,11.0,6.6,78.9,88.0,8.6,5.0,12.5,7.0,7.04,7.45,0.41,Eastern Africa,Sub-Saharan Africa
URY,92.09,100.0,7.91,89.47,100.0,10.53,95,190,85,190,90.5,100.0,0.0,0.0,9.5,0.0,78.9,88.0,8.6,5.0,12.5,7.0,23.26,23.94,0.67,South America,Latin America & Caribbean
KIR,87.47,97.03,9.56,83.75,94.29,10.54,80,70,67,66,82.5,94.3,1.2,0.0,16.2,5.7,78.9,88.0,8.6,5.0,12.5,7.0,14.73,12.51,-2.23,Micronesia,Oceania
BOL,90.09,98.69,8.6,86.81,97.5,10.69,91,40,79,39,87.9,97.5,2.2,2.5,9.9,0.0,78.9,88.0,8.6,5.0,12.5,7.0,18.03,18.94,0.9,South America,Latin America & Caribbean
MWI,90.38,99.0,8.63,87.18,98.04,10.86,78,153,68,150,88.5,98.0,2.6,0.0,9.0,2.0,78.9,88.0,8.6,5.0,12.5,7.0,19.13,20.01,0.88,Eastern Africa,Sub-Saharan Africa
TJK,86.94,96.89,9.95,82.93,93.99,11.06,82,183,68,172,84.1,94.0,2.4,0.5,13.4,5.5,78.9,88.0,8.6,5.0,12.5,7.0,12.36,11.91,-0.44,Central Asia,Central Asia
OMN,86.15,96.49,10.34,81.91,93.23,11.31,94,192,77,179,83.0,93.2,3.2,1.0,13.8,5.7,78.9,88.0,8.6,5.0,12.5,7.0,10.85,10.39,-0.46,Western Asia,Western Asia
PAN,82.56,95.0,12.43,78.72,90.58,11.85,94,191,74,173,77.7,90.6,0.0,0.0,22.3,9.4,78.9,88.0,8.6,5.0,12.5,7.0,19.71,9.92,-9.78,Central America,Latin America & Caribbean
SDN,84.32,95.59,11.27,79.57,91.53,11.96,93,189,74,173,80.6,91.5,9.7,4.2,9.7,4.2,78.9,88.0,8.6,5.0,12.5,7.0,5.62,7.0,1.38,Northern Africa,Africa
NIC,80.27,93.56,13.29,75.53,87.93,12.4,94,174,71,153,76.6,87.9,17.0,8.6,6.4,3.4,78.9,88.0,8.6,5.0,12.5,7.0,16.81,7.32,-9.49,Central America,Latin America & Caribbean
MKD,62.74,83.26,20.52,58.24,70.74,12.5,91,188,53,133,57.1,70.7,20.9,12.8,22.0,16.5,78.9,88.0,8.6,5.0,12.5,7.0,43.5,34.58,-8.93,Southern Europe,Southern Europe
AND,75.64,90.67,15.03,69.89,82.63,12.74,93,190,65,157,68.8,82.6,14.0,6.8,17.2,10.5,78.9,88.0,8.6,5.0,12.5,7.0,20.16,10.8,-9.35,Southern Europe,Southern Europe
CYP,76.25,91.08,14.83,70.53,83.33,12.81,95,192,67,160,69.5,83.3,12.6,7.3,17.9,9.4,78.9,88.0,8.6,5.0,12.5,7.0,18.84,9.4,-9.45,Western Asia,Western Asia
SMR,76.26,91.08,14.82,70.53,83.33,12.81,95,192,67,160,69.5,83.3,13.7,7.3,16.8,9.4,78.9,88.0,8.6,5.0,12.5,7.0,18.84,9.4,-9.45,Southern Europe,Southern Europe
TGO,80.46,94.37,13.91,76.67,89.47,12.81,90,190,69,170,75.6,89.5,0.0,0.0,24.4,10.5,78.9,88.0,8.6,5.0,12.5,7.0,23.91,9.92,-13.99,Western Africa,Sub-Saharan Africa
IRL,75.24,90.48,15.24,69.47,82.29,12.82,95,192,66,158,68.4,82.3,13.7,7.8,17.9,9.9,78.9,88.0,8.6,5.0,12.5,7.0,20.95,11.48,-9.47,Northern Europe,Northern Europe
CUB,83.78,95.85,12.07,78.95,92.02,13.07,95,188,75,173,80.0,92.0,10.5,3.7,9.5,4.3,78.9,88.0,8.6,5.0,12.5,7.0,6.03,7.98,1.95,Caribbean,Latin America & Caribbean
PNG,75.32,91.42,16.1,70.65,83.98,13.33,92,181,65,152,70.7,84.0,21.7,8.8,7.6,7.2,78.9,88.0,8.6,5.0,12.5,7.0,26.24,8.11,-18.13,Melanesia,Oceania
MLT,76.24,91.67,15.43,70.53,84.38,13.85,95,192,67,162,69.5,84.4,14.7,7.3,15.8,8.3,78.9,88.0,8.6,5.0,12.5,7.0,18.84,7.31,-11.53,Southern Europe,Southern Europe
NOR,70.87,88.64,17.77,65.26,79.17,13.9,95,192,62,152,64.2,79.2,17.9,9.4,17.9,11.5,78.9,88.0,8.6,5.0,12.5,7.0,29.37,17.73,-11.64,Northern Europe,Northern Europe
TUR,71.96,89.33,17.36,66.3,80.32,14.01,92,188,61,151,65.2,80.3,17.4,8.5,17.4,11.2,78.9,88.0,8.6,5.0,12.5,7.0,27.36,15.43,-11.93,Western Asia,Western Asia
BIH,70.91,88.87,17.96,65.26,79.58,14.32,95,191,62,152,64.2,79.6,15.8,7.9,20.0,12.6,78.9,88.0,8.6,5.0,12.5,7.0,29.37,16.9,-12.47,Southern Europe,Southern Europe
NZL,75.11,91.36,16.25,69.47,83.85,14.38,95,192,66,161,68.4,83.9,16.8,8.3,14.7,7.8,78.9,88.0,8.6,5.0,12.5,7.0,20.95,8.36,-12.59,Australia and New Zealand,Oceania
PAK,77.42,92.94,15.52,72.34,86.84,14.5,94,190,68,165,73.4,86.8,4.3,1.6,22.3,11.6,78.9,88.0,8.6,5.0,12.5,7.0,19.71,9.15,-10.56,Southern Asia,Southern Asia
IRN,78.32,93.41,15.08,72.53,87.57,15.04,91,185,66,162,73.6,87.6,12.1,2.7,14.3,9.7,78.9,88.0,8.6,5.0,12.5,7.0,10.54,5.45,-5.09,Southern Asia,Southern Asia
ALB,60.85,84.03,23.17,56.84,71.96,15.12,95,189,54,136,55.8,72.0,23.2,10.6,21.1,17.5,78.9,88.0,8.6,5.0,12.5,7.0,46.21,32.15,-14.06,Southern Europe,Southern Europe
BLR,74.18,91.02,16.84,68.09,83.25,15.16,94,191,64,159,69.1,83.2,13.8,6.3,17.0,10.5,78.9,88.0,8.6,5.0,12.5,7.0,19.49,9.57,-9.92,Eastern Europe,Eastern Europe
IND,73.19,91.22,18.03,68.42,83.85,15.43,95,192,65,161,69.5,83.9,4.2,2.6,26.3,13.5,78.9,88.0,8.6,5.0,12.5,7.0,27.66,13.07,-14.58,Southern Asia,Southern Asia
CHN,77.19,93.1,15.91,71.28,86.98,15.7,94,192,67,167,72.3,87.0,11.7,3.6,16.0,9.4,78.9,88.0,8.6,5.0,12.5,7.0,13.11,4.74,-8.37,Eastern Asia,Eastern Asia
ISL,68.16,88.26,20.1,62.77,78.53,15.77,94,191,59,150,61.7,78.5,18.1,9.4,20.2,12.0,78.9,88.0,8.6,5.0,12.5,7.0,34.39,19.0,-15.39,Northern Europe,Northern Europe
LIE,73.09,91.07,17.98,67.37,83.33,15.96,95,192,64,160,66.3,83.3,13.7,6.2,20.0,10.4,78.9,88.0,8.6,5.0,12.5,7.0,25.16,9.4,-15.76,Western Europe,Western Europe
AUT,70.91,89.87,18.96,65.26,81.25,15.99,95,192,62,156,64.2,81.2,16.8,8.3,18.9,10.4,78.9,88.0,8.6,5.0,12.5,7.0,29.37,13.56,-15.81,Western Europe,Western Europe
JPN,70.91,89.84,18.92,65.26,81.25,15.99,95,192,62,156,64.2,81.2,15.8,6.2,20.0,12.5,78.9,88.0,8.6,5.0,12.5,7.0,29.37,13.56,-15.81,Eastern Asia,Eastern Asia
BGR,60.94,84.96,24.02,56.84,73.3,16.46,95,191,54,140,55.8,73.3,22.1,11.5,22.1,15.2,78.9,88.0,8.6,5.0,12.5,7.0,46.21,29.47,-16.74,Eastern Europe,Eastern Europe
BEL,67.08,88.31,21.23,62.11,78.65,16.54,95,192,59,151,61.1,78.6,22.1,10.9,16.8,10.4,78.9,88.0,8.6,5.0,12.5,7.0,35.69,18.77,-16.91,Western Europe,Western Europe
HUN,51.91,81.47,29.56,51.58,68.23,16.65,95,192,49,131,50.5,68.2,32.6,17.2,16.8,14.6,78.9,88.0,8.6,5.0,12.5,7.0,56.74,39.61,-17.13,Eastern Europe,Eastern Europe
SRB,69.36,89.7,20.35,64.63,81.29,16.65,82,171,53,139,65.9,81.3,6.1,3.5,28.0,15.2,78.9,88.0,8.6,5.0,12.5,7.0,31.12,16.4,-14.72,Southern Europe,Southern Europe
ITA,64.75,87.37,22.62,60.0,77.08,17.08,95,192,57,148,58.9,77.1,22.1,10.4,18.9,12.5,78.9,88.0,8.6,5.0,12.5,7.0,39.9,21.9,-18.0,Southern Europe,Southern Europe
SVN,67.33,88.94,21.61,62.11,79.69,17.58,95,192,59,153,61.1,79.7,20.0,10.4,18.9,9.9,78.9,88.0,8.6,5.0,12.5,7.0,35.69,16.69,-19.0,Southern Europe,Southern Europe
GRC,66.14,88.31,22.17,61.05,78.65,17.59,95,192,58,151,60.0,78.6,20.0,10.9,20.0,10.4,78.9,88.0,8.6,5.0,12.5,7.0,37.79,18.77,-19.02,Southern Europe,Southern Europe
MNE,66.06,88.32,22.26,61.05,78.65,17.59,95,192,58,151,60.0,78.6,21.1,10.4,18.9,10.9,78.9,88.0,8.6,5.0,12.5,7.0,37.79,18.77,-19.02,Southern Europe,Southern Europe
TON,72.88,92.06,19.18,67.09,85.06,17.97,79,174,53,148,67.1,85.1,17.7,6.9,15.2,8.0,78.9,88.0,8.6,5.0,12.5,7.0,23.61,5.95,-17.66,Polynesia,Oceania
ESP,66.06,88.63,22.57,61.05,79.17,18.11,95,192,58,152,60.0,79.2,21.1,10.4,18.9,10.4,78.9,88.0,8.6,5.0,12.5,7.0,37.79,17.73,-20.06,Southern Europe,Southern Europe
LBR,84.66,99.35,14.7,80.52,98.73,18.21,77,157,62,155,80.5,98.7,1.3,0.0,18.2,1.3,78.9,88.0,8.6,5.0,12.5,7.0,14.64,21.39,6.75,Western Africa,Sub-Saharan Africa
CMR,72.63,93.31,20.68,69.41,87.65,18.24,85,170,59,149,69.4,87.6,0.0,0.0,30.6,12.4,78.9,88.0,8.6,5.0,12.5,7.0,36.2,10.69,-25.51,Middle Africa,Sub-Saharan Africa
MDA,67.61,89.5,21.89,62.11,80.63,18.52,95,191,59,154,62.1,80.6,14.7,7.9,23.2,11.5,78.9,88.0,8.6,5.0,12.5,7.0,33.58,14.81,-18.77,Eastern Europe,Eastern Europe
PRT,65.7,88.63,22.94,60.64,79.17,18.53,94,192,57,152,59.6,79.2,19.1,10.4,21.3,10.4,78.9,88.0,8.6,5.0,12.5,7.0,38.64,17.73,-20.91,Southern Europe,Southern Europe
KOR,63.52,87.62,24.1,58.95,77.49,18.54,95,191,56,148,57.9,77.5,22.1,9.9,20.0,12.6,78.9,88.0,8.6,5.0,12.5,7.0,42.0,21.09,-20.91,Eastern Asia,Eastern Asia
LUX,64.85,88.31,23.46,60.0,78.65,18.65,95,192,57,151,58.9,78.6,21.1,10.9,20.0,10.4,78.9,88.0,8.6,5.0,12.5,7.0,39.9,18.77,-21.12,Western Europe,Western Europe
DNK,63.39,87.68,24.29,58.95,77.6,18.66,95,192,56,149,57.9,77.6,23.2,11.5,18.9,10.9,78.9,88.0,8.6,5.0,12.5,7.0,42.0,20.86,-21.14,Northern Europe,Northern Europe
SWE,63.52,87.68,24.16,58.95,77.6,18.66,95,192,56,149,57.9,77.6,22.1,11.5,20.0,10.9,78.9,88.0,8.6,5.0,12.5,7.0,42.0,20.86,-21.14,Northern Europe,Northern Europe
ARM,72.41,93.46,21.05,68.89,87.78,18.89,90,180,62,158,68.9,87.8,1.1,1.1,30.0,11.1,78.9,88.0,8.6,5.0,12.5,7.0,35.03,8.21,-26.81,Western Asia,Western Asia
AUS,64.6,88.63,24.03,60.0,79.17,19.17,95,192,57,152,58.9,79.2,23.2,10.4,17.9,10.4,78.9,88.0,8.6,5.0,12.5,7.0,39.9,17.73,-22.16,Australia and New Zealand,Oceania
FIN,63.61,87.99,24.38,58.95,78.12,19.18,95,192,56,150,57.9,78.1,21.1,11.5,21.1,10.4,78.9,88.0,8.6,5.0,12.5,7.0,42.0,19.81,-22.19,Northern Europe,Northern Europe
LVA,59.84,86.06,26.22,55.79,75.0,19.21,95,192,53,144,55.8,75.0,24.2,12.5,20.0,12.5,78.9,88.0,8.6,5.0,12.5,7.0,46.21,26.06,-20.15,Northern Europe,Northern Europe
RUS,55.48,85.25,29.77,54.74,73.96,19.22,95,192,52,142,55.8,74.0,34.7,16.1,9.5,9.9,78.9,88.0,8.6,5.0,12.5,7.0,52.24,28.15,-24.09,Eastern Europe,Eastern Europe
EST,59.67,86.31,26.65,55.79,75.39,19.6,95,191,53,144,55.8,75.4,25.3,12.0,18.9,12.6,78.9,88.0,8.6,5.0,12.5,7.0,46.21,25.28,-20.93,Northern Europe,Northern Europe
DEU,61.57,87.36,25.79,57.45,77.08,19.64,94,192,54,148,56.4,77.1,23.4,12.0,20.2,10.9,78.9,88.0,8.6,5.0,12.5,7.0,45.02,21.9,-23.13,Western Europe,Western Europe
SYR,77.02,95.49,18.47,71.62,91.4,19.78,74,93,53,85,73.0,91.4,17.6,1.1,9.5,7.5,78.9,88.0,8.6,5.0,12.5,7.0,17.9,7.77,-10.13,Western Asia,Western Asia
PLW,67.81,90.18,22.37,62.22,82.08,19.86,90,173,56,142,62.2,82.1,18.9,12.7,18.9,5.2,78.9,88.0,8.6,5.0,12.5,7.0,33.35,15.51,-17.84,Micronesia,Oceania
NLD,63.06,88.19,25.13,58.51,78.42,19.91,94,190,55,149,57.4,78.4,21.3,10.0,21.3,11.6,78.9,88.0,8.6,5.0,12.5,7.0,42.9,19.22,-23.67,Western Europe,Western Europe
MCO,61.91,87.73,25.81,57.61,77.66,20.05,92,188,53,146,56.5,77.7,21.7,10.6,21.7,11.7,78.9,88.0,8.6,5.0,12.5,7.0,44.75,20.75,-24.0,Western Europe,Western Europe
FRA,56.17,85.35,29.17,53.68,73.96,20.27,95,192,51,142,52.6,74.0,27.4,14.6,20.0,11.5,78.9,88.0,8.6,5.0,12.5,7.0,52.53,28.15,-24.38,Western Europe,Western Europe
PRK,62.91,88.18,25.28,58.14,78.45,20.31,86,181,50,142,59.3,78.5,24.4,11.6,16.3,9.9,78.9,88.0,8.6,5.0,12.5,7.0,39.19,19.16,-20.03,Eastern Asia,Eastern Asia
SVK,59.41,86.97,27.56,55.79,76.44,20.65,95,191,53,146,54.7,76.4,24.2,11.5,21.1,12.0,78.9,88.0,8.6,5.0,12.5,7.0,48.32,23.18,-25.13,Eastern Europe,Eastern Europe
HRV,59.59,87.04,27.45,55.79,76.56,20.77,95,192,53,147,54.7,76.6,22.1,12.0,23.2,11.5,78.9,88.0,8.6,5.0,12.5,7.0,48.32,22.94,-25.38,Southern Europe,Southern Europe
POL,57.17,85.73,28.57,53.68,74.48,20.79,95,192,51,143,53.7,74.5,24.2,12.5,22.1,13.0,78.9,88.0,8.6,5.0,12.5,7.0,50.42,27.11,-23.32,Eastern Europe,Eastern Europe
GBR,52.84,84.93,32.1,52.63,73.44,20.81,95,192,50,141,51.6,73.4,33.7,16.1,14.7,10.4,78.9,88.0,8.6,5.0,12.5,7.0,54.63,29.19,-25.44,Northern Europe,Northern Europe
CZE,53.14,84.38,31.24,51.58,72.4,20.82,95,192,49,139,50.5,72.4,28.4,13.0,21.1,14.6,78.9,88.0,8.6,5.0,12.5,7.0,56.74,31.27,-25.47,Eastern Europe,Eastern Europe
CHE,66.94,91.04,24.1,62.11,83.33,21.23,95,192,59,160,61.1,83.3,12.6,5.2,26.3,11.5,78.9,88.0,8.6,5.0,12.5,7.0,35.69,9.4,-26.29,Western Europe,Western Europe
FSM,54.75,86.35,31.6,54.67,75.95,21.28,75,158,41,120,53.3,75.9,34.7,17.1,12.0,7.0,78.9,88.0,8.6,5.0,12.5,7.0,52.1,24.25,-27.85,Micronesia,Oceania
LTU,55.65,85.4,29.75,52.63,73.96,21.33,95,192,50,142,52.6,74.0,25.3,12.5,22.1,13.5,78.9,88.0,8.6,5.0,12.5,7.0,52.53,28.15,-24.38,Northern Europe,Northern Europe
UKR,52.02,83.99,31.97,50.0,71.81,21.81,94,188,47,135,50.0,71.8,22.3,13.3,27.7,14.9,78.9,88.0,8.6,5.0,12.5,7.0,57.79,32.45,-25.34,Eastern Europe,Eastern Europe
ROU,55.76,85.73,29.97,52.63,74.48,21.85,95,192,50,143,52.6,74.5,24.2,12.5,23.2,13.0,78.9,88.0,8.6,5.0,12.5,7.0,52.53,27.11,-25.42,Eastern Europe,Eastern Europe
CAN,58.05,87.36,29.31,54.74,77.08,22.35,95,192,52,148,53.7,77.1,24.2,12.0,22.1,10.9,78.9,88.0,8.6,5.0,12.5,7.0,50.42,21.9,-28.52,Northern America,Northern America
GEO,45.19,84.14,38.94,48.39,72.68,24.29,93,183,45,133,47.3,72.7,10.8,6.0,41.9,21.3,78.9,88.0,8.6,5.0,12.5,7.0,63.17,30.71,-32.46,Western Asia,Western Asia
